url,title,price_usd,price_kgs,year,mileage_km,engine,transmission,city,image_url
https://mashina.kg/details/genesis-gv80-6a06f46f7a8aaefc93c9efc4,Продажа Genesis GV80 I Рестайлинг 2023,40000,3498000,2023,22000,2.5 л.,автомат,Бишкек,https://storage.mashina.kg/catalog/images/2026-05-15/10033904/088fe3bb6b264658cc1a56cf672cc2d2_medium.webp
https://mashina.kg/details/bmw-x7-6a072bf5c705aa5c9a9c81cb,Продажа BMW X7 I (G07) 2020,35700,3121965,2020,220000,3.0 л.,автомат,Бишкек,https://storage.mashina.kg/catalog/images/2026-05-15/10034143/63c34e3f2dc03ea6a903d1e4f960ce0b_medium.webp
https://mashina.kg/details/bmw-x5-69fffea832901420399530,BMW X5 III (F15),35500,3104475,2017,200000,3.0 л.,автомат,Бишкек,https://im.mashina.kg/tachka/images/9/7/3/973720a8c8fd36da710d31fa8a76d5da_640x480.jpg
https://mashina.kg/details/kia-stinger-69c889deab0e2849411617,Kia Stinger I,18700,1635315,2018,104000,3.3 л.,автомат,Бишкек,https://im.mashina.kg/tachka/images/1/8/0/180e6a9c4c83da8e13ebce6b2c3d5881_640x480.jpg
https://mashina.kg/details/lexus-nx-6a07592bb8055db3c294107a,Продажа Lexus NX II 2023,35800,3130710,2023,28000,2.5 л.,автомат,Бишкек,https://storage.mashina.kg/catalog/images/2026-05-15/10034319/dce064feaa800e284682c8d218253e5f_medium.webp
https://mashina.kg/details/cadillac-escalade-6a0984aafc6db3fe8d13bfb5,Продажа Cadillac Escalade IV 2020,55000,4809750,2020,121000,6.2 л.,автомат,Бишкек,https://storage.mashina.kg/catalog/images/2026-05-17/10035756/74221442f66fb96f0cd872425f619157_medium.webp
https://mashina.kg/details/toyota-camry-6a096b16163f86ccc0153d34,Продажа Toyota Camry IX (XV80) 2025,55000,4809750,2025,8500,2.5 л.,вариатор,Бишкек,https://storage.mashina.kg/catalog/images/2026-05-17/10035606/bf6afc2c959ad09c54b0685f76006dcf_medium.webp
https://mashina.kg/details/lexus-es-69c581f12351b444472731,Lexus ES VII,23999,2098713,2021,90000,2.5 л.,вариатор,Бишкек,https://im.mashina.kg/tachka/images/c/2/0/c20b125c79bbf7519162f7a70bac0b16_640x480.jpg
https://mashina.kg/details/nissan-patrol-6a070fe3017a2e817b407a62,Продажа Nissan Patrol V (Y61) 2003,22900,2002605,2003,240000,3.0 л.,автомат,Бишкек,https://storage.mashina.kg/catalog/images/2026-05-15/10034032/2eff7b5c762341865b53779ee672f9bf_medium.webp
https://mashina.kg/details/audi-a6-6a09bff48d12af36e10ec1a4,Продажа Audi A6 V (C8) Рестайлинг 2022,26000,2273700,2022,44700,2.0 л.,робот,Бишкек,https://storage.mashina.kg/catalog/images/2026-05-17/10036058/003a8ee27a35037ae4752d9958c144db_medium.webp
https://mashina.kg/details/toyota-camry-69ff7ca22c30a296786945,Toyota Camry VIII (XV70) Рестайлинг,20000,1749000,2021,154500,2.5 л.,автомат,Бишкек,https://im.mashina.kg/tachka/images/5/c/4/5c428779f2e404b59be8aa3690a4bded_640x480.jpg
https://mashina.kg/details/bmw-ix1-69e9c769e8c9a581664158,BMW iX1,27500,2404875,2025,118,,,Бишкек,https://im.mashina.kg/tachka/images/d/a/f/dafda473b5f7b6e95db6a6725f7f8ccd_640x480.jpg
https://mashina.kg/details/lexus-es-69c925749de72314480122,Lexus ES VI Рестайлинг,27500,2404875,2017,100000,2.5 л.,вариатор,Бишкек,https://im.mashina.kg/tachka/images/4/6/c/46c04d7192f865fea7c6b36889331e92_640x480.jpg
https://mashina.kg/details/lexus-rx-6a00de337a930942673338,Lexus RX V,59000,5159550,2023,113000,2.5 л.,вариатор,Бишкек,https://im.mashina.kg/tachka/images/c/b/2/cb2b1f880b54eaac40513927d8eb0458_640x480.jpg
https://mashina.kg/details/honda-crv-69b8d82e112b8201884089,Honda CR-V III,11000,961950,2009,255000,2.4 л.,автомат,Кочкор-Ата,https://im.mashina.kg/tachka/images/a/d/4/ad497b07034b559edf29d1e1a0e5e731_640x480.jpg
https://mashina.kg/details/bmw-x7-69f9ff43cdd84134308434,BMW X7 I (G07) Рестайлинг,98500,8613825,2023,9000,3.0 л.,автомат,Бишкек,https://im.mashina.kg/tachka/images/1/c/8/1c8c02bcf0e2f304fc123210a8f2136b_640x480.jpg
https://mashina.kg/details/toyota-mark-ii-69dfc487a24b8633530932,Toyota Mark II IX (X110),5500,480975,2003,290000,2.0 л.,автомат,Бишкек,https://im.mashina.kg/tachka/images/d/5/e/d5e6bf7ede633763180d238c968460d1_640x480.jpg
https://mashina.kg/details/mercedesbenz-eklass-69fb2ee9a2cf4125956165,"Mercedes-Benz E-Класс II (W210, S210) Рестайлинг",8300,725835,2000,260000,3.2 л.,автомат,с. Ивановка,https://im.mashina.kg/tachka/images/9/e/b/9eb87b0cdbee8bcee1a94beaf184ba16_640x480.jpg
https://mashina.kg/details/toyota-camry-6a037a27261fc6e2ecb3ae89,Продажа Toyota Camry VIII (XV70) 2018,19600,1714020,2018,99000miles,2.5 л.,автомат,Талас,https://storage.mashina.kg/catalog/images/2026-05-12/10030571/2d57bf3159bb3fd571cc17f93f7b1f17_medium.webp
https://mashina.kg/details/toyota-camry-69bbce8416a68347483225,Toyota Camry VIII (XV70),16300,1425435,2019,194000,2.5 л.,автомат,Бишкек,https://im.mashina.kg/tachka/images/b/1/b/b1b3440c7fc8a7ac78a0a6a56401cb80_640x480.jpg
https://mashina.kg/details/toyota-camry-6a09c8c5769acffeef5d2fbd,Продажа Toyota Camry VII (XV50) 2012,12300,1075635,2012,233000,2.5 л.,автомат,Бишкек,https://storage.mashina.kg/catalog/images/2026-05-17/10036105/f623592cbd68a51c8b88ac9a86793455_medium.webp
https://mashina.kg/details/bmw-5-serii-6a09c796f064a3cc4e3cad8d,Продажа BMW 5 серии VII (G30/G31) Рестайлинг 2021,33500,2929575,2021,82000,2.0 л.,автомат,Бишкек,https://storage.mashina.kg/catalog/images/2026-05-17/10036098/d6feb5deaf1b8dfa56f0f4a86594e5d4_medium.webp
https://mashina.kg/details/toyota-rav4-6a016a85db1ab764478529,Toyota RAV4 V (XA50),33300,2912085,2026,13,2.0 л.,вариатор,Бишкек,https://im.mashina.kg/tachka/images/3/6/b/36b7beb1e79f19f0c831b45f09ce6621_640x480.jpg
https://mashina.kg/details/neta-u-6a096aa8729e7e4b0571caeb,Продажа Neta U 2022,13722,1200000,2022,109000,,,Бишкек,https://storage.mashina.kg/catalog/images/2026-05-17/10035604/375e8c8fbbf447c4ae4274ffc781876e_medium.webp
https://mashina.kg/details/honda-inspire-6a09afc250ee627a1691944e,Продажа Honda Inspire IV 2004,10300,900735,2004,272000,3.0 л.,автомат,Бишкек,https://storage.mashina.kg/catalog/images/2026-05-17/10035986/9680db7362f81fd5f000b3814f855e3c_medium.webp
https://mashina.kg/details/ssangyong-tivoli-6a09af7d8561d7934daf331e,Продажа SsangYong Tivoli I Рестайлинг 2019,10800,944460,2019,179000,1.5 л.,автомат,Бишкек,https://storage.mashina.kg/catalog/images/2026-05-17/10035985/1fca4f863298adbe7385af850b4e28df_medium.webp
https://mashina.kg/details/chevrolet-malibu-69f1c8e756394618264082,Chevrolet Malibu IX,10000,874500,2018,155000,1.5 л.,автомат,Бишкек,https://im.mashina.kg/tachka/images/9/c/0/9c037a5337d6cdbf1c98ef01d4d2868b_640x480.jpg
https://mashina.kg/details/bmw-x5-6a09971fa283337349de1615,Продажа BMW X5 IV (G05/G18) 2019,44500,3891525,2019,87000,3.0 л.,автомат,Бишкек,https://storage.mashina.kg/catalog/images/2026-05-17/10035869/da2b56d167e1e45c91d89b59200ad05b_medium.webp
https://mashina.kg/details/bmw-7-serii-69d3b6186eb7e527217549,BMW 7 серии VI (G11/G12) Рестайлинг,44500,3891525,2020,55000,4.4 л.,автомат,Бишкек,https://im.mashina.kg/tachka/images/a/f/8/af8f3bbb351bea72d98ec0457db8645d_640x480.jpg
https://mashina.kg/details/toyota-land-cruiser-prado-69c8aed5adec7173780716,Toyota Land Cruiser Prado 120 Series,21500,1880175,2008,267000,4.0 л.,автомат,Бишкек,https://im.mashina.kg/tachka/images/e/a/3/ea334994cc48f2166f09ce5ea7b85b04_640x480.jpg
https://mashina.kg/details/hyundai-santa-fe-69fe00dca1879017988312,Hyundai Santa Fe IV,17200,1504140,2020,156000,2.0 л.,автомат,Бишкек,https://im.mashina.kg/tachka/images/1/e/0/1e0b6866bc89c474dbccc9de36809fa1_640x480.jpg
https://mashina.kg/details/kia-k7-69fdfe7116d4b224478435,Kia K7 YG (II) Рестайлинг,17500,1530375,2020,98000,2.4 л.,автомат,Бишкек,https://im.mashina.kg/tachka/images/b/b/8/bb8ea0a2aa5989c8835e0d4c24e8e2b5_640x480.jpg
https://mashina.kg/details/lexus-lx-6a098c4a5870e01df244d3af,Продажа Lexus LX III Рестайлинг 2012,40500,3541725,2012,280000,5.7 л.,автомат,Бишкек,https://storage.mashina.kg/catalog/images/2026-05-17/10035808/2ea54aa78114e6b271a654703759703d_medium.webp
https://mashina.kg/details/toyota-camry-6a0984b557efe459819c345a,Продажа Toyota Camry VIII (XV70) 2018,16900,1477905,2018,116000miles,2.5 л.,автомат,Бишкек,https://storage.mashina.kg/catalog/images/2026-05-17/10035757/324e57763f29a7329136c2c5f1a71a00_medium.webp
https://mashina.kg/details/kia-k5-6a0402ec602cb756d53bfeb4,Продажа Kia K5 II 2018,12500,1093125,2018,94000,2.0 л.,автомат,Бишкек,https://storage.mashina.kg/catalog/images/2026-05-14/10030832/51fd0aaba959879d5ff3fdf0edb4c932_medium.webp
https://mashina.kg/details/subaru-outback-6a097a90e2ebbef6255d8d96,Продажа Subaru Outback VI 2022,20600,1801470,2022,149800,2.5 л.,вариатор,Бишкек,/static/svg/empty.svg
https://mashina.kg/details/lixiang-l6-6a096c16578d45fd1d8c6b91,Продажа LiXiang L6 2025,32300,2824635,2025,10000,1.5 л.,автомат,Бишкек,https://storage.mashina.kg/catalog/images/2026-05-17/10035613/da45407957c0d12c3ca56065e0c8bea6_medium.webp
https://mashina.kg/details/hyundai-avante-6a0966a5cf9c4e0d8b7562d4,Продажа Hyundai Avante VII Рестайлинг 2025,12400,1084380,2025,446,1.6 л.,вариатор,Ош,https://storage.mashina.kg/catalog/images/2026-05-17/10035584/bf75c1bb4a8fa2362fef5893a23bdc8d_medium.webp
https://mashina.kg/details/hyundai-avante-6a09659139e275cecba7fb77,Продажа Hyundai Avante VII Рестайлинг 2025,12200,1066890,2025,436,1.6 л.,вариатор,Ош,https://storage.mashina.kg/catalog/images/2026-05-17/10035579/183f27c32d8f963af3f93e7ffbc3c451_medium.webp
https://mashina.kg/details/hyundai-grandeur-6a095db11de52abed3a955dd,Продажа Hyundai Grandeur VI 2019,11700,1023165,2019,125000,2.4 л.,автомат,Бишкек,https://storage.mashina.kg/catalog/images/2026-05-17/10035550/04740c2fc3d82c2529c8a5a4a5d36438_medium.webp
https://mashina.kg/details/hyundai-sonata-6a0956e830a1a49fcf915f44,Продажа Hyundai Sonata VIII (DN8) 2021,12800,1119360,2021,27000miles,2.5 л.,автомат,Бишкек,https://storage.mashina.kg/catalog/images/2026-05-17/10035521/2c423e0589ba286b7a27e07fbdd43f39_medium.webp
https://mashina.kg/details/changan-qiyuan-q05-6a094a513aa27447d8fb4f95,Продажа Changan Qiyuan Q05 II 2026,14400,1259280,2026,50,,,Бишкек,/static/svg/empty.svg
https://mashina.kg/details/kia-k3-69ef87bb8dcd9974829045,Kia K3 II,12300,1075635,2019,123000,1.6 л.,робот,Бишкек,https://storage.mashina.kg/catalog/images/2026-05-13/4544928/b1e0d685817e3023f45cf4131869e272_medium.webp
https://mashina.kg/details/kia-k5-6a092def0900bff16ec439a6,Продажа Kia K5 III 2021,15800,1381710,2021,153000,2.0 л.,автомат,Бишкек,https://storage.mashina.kg/catalog/images/2026-05-17/10035410/9aaf37903326e54e95f240151c9592ec_medium.webp
https://mashina.kg/details/lexus-gx-6a090cd31a96ed75d9b43227,Продажа Lexus GX II Рестайлинг 2 2020,49000,4285050,2020,136000,4.6 л.,автомат,Бишкек,https://storage.mashina.kg/catalog/images/2026-05-17/10035380/61232a06d9fec2a1b6b0f85113444ff8_medium.webp
https://mashina.kg/details/toyota-highlander-6918537389811830208886,Toyota Highlander III (U50) Рестайлинг,26500,2317425,2019,84000,3.5 л.,автомат,Бишкек,https://im.mashina.kg/tachka/images/c/9/c/c9c2988d07a3702b0ef4ea71dcb13d3a_640x480.jpg
https://mashina.kg/details/toyota-camry-6a08ab4839862bb98d6981d5,Продажа Toyota Camry VII (XV50) Рестайлинг 2 2017,18199,1591503,2017,183000,2.5 л.,автомат,Бишкек,https://storage.mashina.kg/catalog/images/2026-05-16/10035295/075eec91a7f60ec3a0f81384fd7c290b_medium.webp
https://mashina.kg/details/subaru-forester-6a01d9c8d6f81299639251,Subaru Forester V,15500,1355475,2020,125528,2.5 л.,вариатор,Бишкек,https://im.mashina.kg/tachka/images/d/7/5/d75ad110c3db0a2333b8a7168ff17064_640x480.jpg
https://mashina.kg/details/toyota-avalon-69f1d0fca5d42420690798,Toyota Avalon V,24500,2142525,2019,86500,2.5 л.,вариатор,Бишкек,https://im.mashina.kg/tachka/images/a/d/4/ad441e7555a179c1bdcedbdad67747de_640x480.jpg
https://mashina.kg/details/toyota-kluger-6a087fa44fe87ef43f622316,Продажа Toyota Kluger I (XU20) Рестайлинг 2003,11500,1005675,2003,162000,3.0 л.,автомат,Бишкек,https://storage.mashina.kg/catalog/images/2026-05-16/10035131/874eac8df4bce8101a7c8e2e099622f2_medium.webp
https://mashina.kg/details/bmw-x5-6a0877cc93be0beb8b04452c,Продажа BMW X5 III (F15) 2018,24700,2160015,2018,180000,3.0 л.,автомат,Бишкек,https://storage.mashina.kg/catalog/images/2026-05-16/10035092/cab779a4f8388ccf5352eb108d26ce93_medium.webp
https://mashina.kg/details/tesla-model-y-6a081f6067f26ff1c8c9ccc0,Продажа Tesla Model Y I 2025,29000,2536050,2025,7500,,,Ош,https://storage.mashina.kg/catalog/images/2026-05-16/10034698/068f36bb2d13a9e40ba0fe4357091c5e_medium.webp
https://mashina.kg/details/lixiang-l7-6a07b584142678c098e10776,Продажа LiXiang L7 Рестайлинг 2025,43500,3804075,2025,2500,1.5 л.,автомат,Бишкек,https://storage.mashina.kg/catalog/images/2026-05-16/10034413/60b4a5eabf67eea84b60b7ec5de6f605_medium.webp
https://mashina.kg/details/mercedesbenz-sklass-69bd3a7c91e4d529475002,Mercedes-Benz S-Класс V (W221) Рестайлинг,13500,1180575,2011,176902,5.5 л.,автомат,Бишкек,https://im.mashina.kg/tachka/images/d/4/8/d48ee309091fa8d88a879b499b6ec838_640x480.jpg
https://mashina.kg/details/kia-morning-69f82f75e6014173286509,Kia Morning III,6800,594660,2017,110534,1.0 л.,автомат,Бишкек,https://im.mashina.kg/tachka/images/0/2/3/023c35421e9718820c0d9c6ab608a90d_640x480.jpg
https://mashina.kg/details/toyota-sequoia-6a075ccfec95968a37c3da20,Продажа Toyota Sequoia II 2008,29000,2536050,2008,270000miles,5.7 л.,автомат,Бишкек,https://storage.mashina.kg/catalog/images/2026-05-15/10034329/11b8972691634ce006227b4c8c830735_medium.webp
https://mashina.kg/details/toyota-highlander-6a070e548ebd65c328a24d1e,Продажа Toyota Highlander III (U50) Рестайлинг 2019,25500,2229975,2019,100000,3.5 л.,автомат,Бишкек,https://storage.mashina.kg/catalog/images/2026-05-15/10034028/d47c145a27d008ad35a43f86696d6345_medium.webp
https://mashina.kg/details/bmw-x7-6a06d58637dc404a83673de9,Продажа BMW X7 I (G07) Рестайлинг 2022,108000,9444600,2022,60000,4.4 л.,автомат,Бишкек,https://storage.mashina.kg/catalog/images/2026-05-15/10033680/e3f11a3b827064df5b856ab6679c4925_medium.webp
https://mashina.kg/details/lexus-lx-6a05e8741f896f7d9fc344a2,Продажа Lexus LX IV 2026,190000,16615500,2026,15,3.5 л.,автомат,Бишкек,https://storage.mashina.kg/catalog/images/2026-05-14/10032952/298facde032f7224812895855cd7b937_medium.webp
https://mashina.kg/details/chevrolet-tahoe-69fcc308f21f5754632409,Chevrolet Tahoe V,62500,5465625,2022,15000,6.2 л.,автомат,Бишкек,https://im.mashina.kg/tachka/images/1/b/1/1b11263d05cbe8f1fb132c766be7f824_640x480.jpg
https://mashina.kg/details/lexus-ls-69fdce7f6c748714602822,Lexus LS III Рестайлинг,10800,944460,2004,293000,4.3 л.,автомат,Бишкек,https://im.mashina.kg/tachka/images/b/d/7/bd7afce9222b410cdf1483a2f43ffb24_640x480.jpg
https://mashina.kg/details/lexus-rx-6a035642b854daf7b0b3735e,Продажа Lexus RX II 2004,11900,1040655,2004,200000,3.0 л.,автомат,Бишкек,https://storage.mashina.kg/catalog/images/2026-05-12/10030412/623ada182cdc854338ca8f5b8c9ad1ff_medium.webp
https://mashina.kg/details/mercedes-benz-s-klass-amg-68b59a75b3ccc943949527,Mercedes-Benz S-Класс AMG I (W220) Рестайлинг,25555,2234785,2004,211000,5.4 л.,автомат,Бишкек,https://im.mashina.kg/tachka/images/b/e/0/be0912a7f97f4fd666b012d07537f5df_640x480.jpg
https://mashina.kg/details/bmw-x5-69ff818b46284395829389,BMW X5 IV (G05/G18) Рестайлинг,104000,9094800,2023,49000,4.4 л.,автомат,Бишкек,https://im.mashina.kg/tachka/images/d/b/2/db2d5781f8c0e860bf0740f636055693_640x480.jpg
https://mashina.kg/details/toyota-tundra-6988701fe1600246963764,Toyota Tundra II Рестайлинг,45000,3935250,2018,177000,5.7 л.,автомат,Бишкек,https://im.mashina.kg/tachka/images/2/1/9/2194bbfb24bb1208a54ea4e9b9ea9086_640x480.jpg
https://mashina.kg/details/bmw-x5-69fb7429d1100731002254,BMW X5 IV (G05/G18),63500,5553075,2020,72000,4.4 л.,автомат,Бишкек,https://im.mashina.kg/tachka/images/d/b/4/db4f6b40751874e9cfe37acc5a4e2bda_640x480.jpg
https://mashina.kg/details/bmw-5-serii-69fcad4449b00250084707,BMW 5 серии VII (G30/G31) Рестайлинг,37000,3235650,2021,50000,2.0 л.,автомат,Бишкек,https://im.mashina.kg/tachka/images/1/1/f/11fe3c554a997f09dfa13bdcd7c8b33f_640x480.jpg
https://mashina.kg/details/bmw-x7-69e21501682b3374043910,BMW X7 I (G07),83000,7258350,2022,18300,4.4 л.,автомат,Бишкек,https://im.mashina.kg/tachka/images/1/1/7/117a8e96c0f30db11c2c24f5d7ad7d68_640x480.jpg
https://mashina.kg/details/kia-sorento-69fb3b79a76a7008091676,Kia Sorento III Prime Рестайлинг,18500,1617825,2019,195000,2.2 л.,автомат,Бишкек,https://im.mashina.kg/tachka/images/f/8/9/f89f1aa4d0985b491d4826fdf1f1b38b_640x480.jpg
https://mashina.kg/details/bmw-x7-6a0046708e18a617555898,BMW X7 I (G07),51800,4529910,2020,104000,4.4 л.,автомат,Бишкек,https://im.mashina.kg/tachka/images/4/0/3/4034ffe65806b60b2084c8b9fadd889b_640x480.jpg
https://mashina.kg/details/volvo-xc90-69f880c806d4a365184276,Volvo XC90 II,27000,2361150,2018,230000,2.0 л.,автомат,Бишкек,https://im.mashina.kg/tachka/images/9/8/b/98b944489f46410815b0c785d2fa4a23_640x480.jpg
https://mashina.kg/details/geely-tugella-690b134d9483c056158891,Geely Tugella I Рестайлинг,19000,1661550,2022,28936,2.0 л.,автомат,Бишкек,https://im.mashina.kg/tachka/images/3/5/0/35019eac1d8d18fb76d55e57067f99d5_640x480.jpg
https://mashina.kg/details/kia-k3-69e7b4f09f431130615924,Kia K3 II,13700,1198065,2019,112500,1.6 л.,вариатор,Бишкек,https://im.mashina.kg/tachka/images/3/2/2/322492a0f0dd4dec0106ad1c05c55405_640x480.jpg
https://mashina.kg/details/toyota-4runner-69ff397c00831026255120,Toyota 4Runner V Рестайлинг,30500,2667225,2019,140012,4.0 л.,автомат,Бишкек,https://im.mashina.kg/tachka/images/e/e/6/ee6fa0c3f91174e1321b1fd45e0f8e8d_640x480.jpg
https://mashina.kg/details/mercedesbenz-cla-6a0045e27509d957930771,"Mercedes-Benz CLA II (C118, X118) Рестайлинг",40000,3498000,2024,33000,2.0 л.,робот,Бишкек,https://im.mashina.kg/tachka/images/e/e/b/eebeae2c6ee607dd31edaca5cd8fdb45_640x480.jpg
https://mashina.kg/details/kia-carnival-69fae5c31669c169844761,Kia Carnival IV Рестайлинг,33300,2912085,2024,99000,1.6 л.,автомат,Бишкек,https://im.mashina.kg/tachka/images/e/7/5/e759267e70f0bb2d962b60fec2880852_640x480.jpg
https://mashina.kg/details/hyundai-sonata-69dbf5874619e008208276,Hyundai Sonata VIII (DN8),14000,1224300,2019,149000,2.0 л.,автомат,Бишкек,https://im.mashina.kg/tachka/images/2/1/2/212bc42c805873c426e5ff78ab6f55f1_640x480.jpg
https://mashina.kg/details/kia-k5-6a001228412e6125734882,Kia K5 II,11300,988185,2020,350000,2.0 л.,автомат,Бишкек,https://im.mashina.kg/tachka/images/b/e/3/be351bf84b8b6e5179584ab90f653238_640x480.jpg
https://mashina.kg/details/mercedesbenz-gklass-amg-69e8c3fcdb47d831854805,Mercedes-Benz G-Класс AMG II (W463),138000,12068100,2020,20407,4.0 л.,автомат,Бишкек,https://im.mashina.kg/tachka/images/7/f/a/7fa6c10e83979b8a1600df6e5771ef52_640x480.jpg
https://mashina.kg/details/kia-sportage-69fca53d3cafa936997599,Kia Sportage IV Рестайлинг,18990,1660676,2020,133000,2.0 л.,автомат,Бишкек,https://im.mashina.kg/tachka/images/5/e/8/5e860963db3a10800ebad459141cf659_640x480.jpg
https://mashina.kg/details/bmw-x5-69de80807134f026448272,BMW X5 IV (G05/G18),67000,5859150,2022,15000,3.0 л.,автомат,Бишкек,https://im.mashina.kg/tachka/images/0/8/b/08b0906d5187a0bf880c5319cfbd2aa9_640x480.jpg
https://mashina.kg/details/honda-mnv-69a8f8b640e22629384210,Honda M-NV I,12500,1093125,2021,80633,,,Бишкек,https://im.mashina.kg/tachka/images/3/3/e/33e1c8ce4df49268806a4cf7fe7ae14d_640x480.jpg
https://mashina.kg/details/toyota-camry-69f0d41e0a096508935374,Toyota Camry VII (XV50),10000,874500,2012,290000,2.5 л.,автомат,Бишкек,https://im.mashina.kg/tachka/images/8/9/2/89274771d90ead915759c15d8a5e5e84_640x480.jpg
https://mashina.kg/details/weltmeister-w6-69a81b7980169004723838,Weltmeister W6,12500,1093125,2021,45735,,,Бишкек,https://im.mashina.kg/tachka/images/5/e/5/5e574bf21947c9b1b2132989d32dc906_640x480.jpg
https://mashina.kg/details/hyundai-santa-fe-69fdcce63db91655300800,Hyundai Santa Fe IV,18000,1574100,2019,139000,2.2 л.,автомат,Бишкек,https://im.mashina.kg/tachka/images/7/4/d/74d58498e1277f6dfb533aa8a94d61b6_640x480.jpg
https://mashina.kg/details/kia-sportage-6a0813108ba8dcda0ab94706,Продажа Kia Sportage IV Рестайлинг 2019,14500,1268025,2019,141000,2.0 л.,автомат,Бишкек,https://storage.mashina.kg/catalog/images/2026-05-16/10034627/5efa860dd7620e469bcf4492c43e6518_medium.webp
https://mashina.kg/details/jeep-grand-cherokee-6a098eb89ddafc9e3bfdf201,Продажа Jeep Grand Cherokee V (WL) 2021,25800,2256210,2021,114000,3.6 л.,автомат,Бишкек,https://storage.mashina.kg/catalog/images/2026-05-17/10035815/c323550c3707901c269123b949ffe325_medium.webp
https://mashina.kg/details/mazda-cx-5-6a073d08f56c97fa4e798941,Продажа Mazda CX-5 II 2017,16600,1451670,2017,214000,2.5 л.,автомат,Бишкек,https://storage.mashina.kg/catalog/images/2026-05-15/10034241/6a535fbad91b5336842ab8eb582909ce_medium.webp
https://mashina.kg/details/bmw-m5-6a09727081383d2a986eaa68,Продажа BMW M5 V (F10) 2013,34000,2973300,2013,143000,4.4 л.,робот,Бишкек,https://storage.mashina.kg/catalog/images/2026-05-17/10035647/836e312bc29b56ae4504ca355c8f59ea_medium.webp
https://mashina.kg/details/toyota-4runner-6948355e2809d944420592,Toyota 4Runner V Рестайлинг,45300,3961485,2023,33500,4.0 л.,автомат,Бишкек,https://im.mashina.kg/tachka/images/b/b/6/bb634fe3e068d6e00ef02b9bf861339c_640x480.jpg
https://mashina.kg/details/lixiang-l7-6a06b3d785f1bf47424c10fe,Продажа LiXiang L7 Рестайлинг 2024,37500,3279375,2024,9000,1.5 л.,автомат,Бишкек,https://storage.mashina.kg/catalog/images/2026-05-15/10033505/e36a7fc3c367119914a3de0837cdef64_medium.webp
https://mashina.kg/details/lexus-gx-6a06e6c30b9a3c57c3f26292,Продажа Lexus GX I 2008,28500,2492325,2008,212000,4.7 л.,автомат,Ош,https://storage.mashina.kg/catalog/images/2026-05-15/10033810/9b1df013ef3d27c28937de3f74d4109e_medium.webp
https://mashina.kg/details/subaru-ascent-6a05deaf982050441a0bd152,Продажа Subaru Ascent I 2018,19500,1705275,2018,130000,2.4 л.,вариатор,Бишкек,https://storage.mashina.kg/catalog/images/2026-05-14/10032895/0db3a6e575845ec61b5870e4ed188f6e_medium.webp
https://mashina.kg/details/honda-stream-69fb725f0cdf9282775022,Honda Stream I Рестайлинг,5946,520000,2004,300000,1.7 л.,автомат,Бишкек,https://im.mashina.kg/tachka/images/3/a/8/3a8fe68c75691423949f67efe31f1077_640x480.jpg
https://mashina.kg/details/land-rover-range-rover-6a01f18aaa5d5857686571,Land Rover Range Rover V,128000,11193600,2022,120000,4.4 л.,автомат,Бишкек,https://im.mashina.kg/tachka/images/a/c/8/ac83299e3565a4ec0cd9b29647bae0a7_640x480.jpg
https://mashina.kg/details/kia-morning-6a01c32e097bc480878228,Kia Morning III,7700,673365,2018,106579,1.0 л.,автомат,с. Булан-Соготту,https://im.mashina.kg/tachka/images/6/8/b/68b98fefdb1b11b878f70516e5e4d1f8_640x480.jpg
https://mashina.kg/details/bmw-x5-6a01693e77eb6923617773,BMW X5 IV (G05/G18),35000,3060750,2019,50000,3.0 л.,автомат,Бишкек,https://im.mashina.kg/tachka/images/1/6/7/1670bc8341a3dc34bf8318816134ffe3_640x480.jpg
https://mashina.kg/details/bmw-x5-69e4a569a3140757846041,BMW X5 IV (G05/G18),36500,3191925,2019,129000,3.0 л.,автомат,Бишкек,https://im.mashina.kg/tachka/images/7/f/d/7fd1faf0ec8caeb847e2d657662da13e_640x480.jpg
https://mashina.kg/details/bmw-1-serii-693a3226174b4212481152,BMW 1 серии III (F52) Рестайлинг,22600,1976370,2021,23000,1.5 л.,робот,Китай,https://im.mashina.kg/tachka/images/9/1/2/912f4b7f8a3058c7526dabafc54106a4_640x480.jpg
https://mashina.kg/details/toyota-camry-69f75edca2e20518657316,Toyota Camry VIII (XV70) Рестайлинг,20800,1818960,2020,78000,2.5 л.,автомат,Бишкек,https://im.mashina.kg/tachka/images/4/b/b/4bba550b7143f58bcaaeb7b0eb3e9284_640x480.jpg
https://mashina.kg/details/kia-sportage-69f2d5d172802950327792,Kia Sportage V,21500,1880175,2022,110000,2.0 л.,автомат,Бишкек,https://im.mashina.kg/tachka/images/d/f/5/df56cf94709bef9d3248cecd9e294e83_640x480.jpg
https://mashina.kg/details/mercedesbenz-sklass-68e26b7c2c51d646469737,Mercedes-Benz S-Класс V (W221) Рестайлинг,22000,1923900,2011,110000,4.7 л.,автомат,Бишкек,https://im.mashina.kg/tachka/images/7/6/e/76eb573eec7d8fec4928b7302329f9d9_640x480.jpg
https://mashina.kg/details/toyota-rav4-6664365dc59a3297842515,Toyota RAV4 IV (XA40) Рестайлинг,23500,2055075,2018,81000,2.5 л.,вариатор,Бишкек,https://im.mashina.kg/tachka/images/2/5/c/25c766f37da9b4aaad3f3125acac8522_640x480.jpg
https://mashina.kg/details/hyundai-grandeur-6a07e2f01ccbcbf9b0124bcb,Продажа Hyundai Grandeur VI Рестайлинг 2020,13800,1206810,2020,182000,3.0 л.,автомат,Бишкек,https://storage.mashina.kg/catalog/images/2026-05-16/10034482/46289d4db0bf7616099c675d6de7e090_medium.webp
https://mashina.kg/details/kia-k3-6a07e66f9a4c12f82ba7e685,Продажа Kia K3 II 2019,11800,1031910,2019,115000,1.6 л.,вариатор,Бишкек,https://storage.mashina.kg/catalog/images/2026-05-16/10034493/15e2ec4f1696fd0b6c622231ba4fd432_medium.webp
https://mashina.kg/details/bmw-x7-69f9aba477fdc723591182,BMW X7 I (G07) Рестайлинг,95500,8351475,2023,25000,3.0 л.,автомат,Бишкек,https://im.mashina.kg/tachka/images/2/3/6/236a906d1c58bc1f30827844c917b518_640x480.jpg
https://mashina.kg/details/daewoo-matiz-6a06f3ba6ad416630fe38415,Продажа Daewoo Matiz I Рестайлинг 2005,2630,230000,2005,255140,0.8 л.,механика,Ош,https://storage.mashina.kg/catalog/images/2026-05-15/10033900/97d741cf5eb8c906abb085d5a152fb18_medium.webp
https://mashina.kg/details/mercedesbenz-eklass-69dc79430416d560255746,"Mercedes-Benz E-Класс III (W211, S211)",11000,961950,2002,169700,3.2 л.,автомат,Кочкор-Ата,https://im.mashina.kg/tachka/images/f/6/b/f6b5b020d5cd676c1acfab74e2f95d5f_640x480.jpg
https://mashina.kg/details/hyundai-santa-fe-69a988f89aef8556372302,Hyundai Santa Fe III Рестайлинг,13800,1206810,2017,185074,2.4 л.,автомат,Бишкек,https://im.mashina.kg/tachka/images/1/2/3/12373c2364de5fd2f812c54ed8dcf150_640x480.jpg
https://mashina.kg/details/mercedesbenz-eklass-69ef2c769f563171186170,"Mercedes-Benz E-Класс II (W210, S210) Рестайлинг",3659,320000,2002,35000,2.1 л.,автомат,Кара-Суу,https://im.mashina.kg/tachka/images/6/3/7/63746d7b5eedef8ba3338a49d2d69b1f_640x480.jpg
https://mashina.kg/details/toyota-avensis-69f2ebc0b3e7e238215642,Toyota Avensis I Рестайлинг,4231,370000,2002,333000,2.0 л.,механика,Бишкек,https://im.mashina.kg/tachka/images/2/0/2/202f3fd43f515851cc93af926cbb37b0_640x480.jpg
https://mashina.kg/details/audi-q5-69a680c4d619d723749877,Audi Q5 III,52000,4547400,2026,10,2.0 л.,робот,Китай,https://im.mashina.kg/tachka/images/0/0/2/00244af7fe3bdbb5ca874292653dd44d_640x480.jpg
https://mashina.kg/details/byd-tang-6a01888f80344480015099,BYD Tang II Рестайлинг,32000,2798400,2025,2000,1.5 л.,автомат,Бишкек,https://im.mashina.kg/tachka/images/8/f/f/8ff06eaa675aef99a0406efa4f88f534_640x480.jpg
https://mashina.kg/details/gac-trumpchi-gs4-69a7c159b846d483491948,GAC Trumpchi GS4 II Рестайлинг,13000,1136850,2026,10,1.5 л.,автомат,Китай,https://im.mashina.kg/tachka/images/f/f/e/ffe8587ee21c27ecb881885f3956452f_640x480.jpg
https://mashina.kg/details/kia-morning-69ff0a892e28f004752821,Kia Morning III,7900,690855,2019,126500,1.0 л.,автомат,Бишкек,https://im.mashina.kg/tachka/images/a/4/f/a4f9b27a14fddcc403be3e888e63bd5a_640x480.jpg
https://mashina.kg/details/lynk-co-3-69a7c94c39a48145630459,Lynk & Co 03 I Рестайлинг,12000,1049400,2026,10,1.5 л.,робот,Китай,https://im.mashina.kg/tachka/images/7/3/b/73bbdffb0df0c8ed7145ffc6d213db5f_640x480.jpg
https://mashina.kg/details/byd-han-69a7cba68e411568808541,BYD Han I Рестайлинг,24000,2098800,2025,10,1.5 л.,автомат,Китай,https://im.mashina.kg/tachka/images/1/9/f/19f50d96bece862c544217abcc9c178b_640x480.jpg
https://mashina.kg/details/toyota-prius-68f5bdfa9bca5352647812,Toyota Prius IV Рестайлинг (XW50),19000,1661550,2019,83000,1.8 л.,автомат,Бишкек,https://im.mashina.kg/tachka/images/6/9/4/69481447000c980818292a1412f704fa_640x480.jpg
https://mashina.kg/details/gac-aion-i60-69a7ce16341a1294766448,GAC Aion I60,15700,1372965,2025,10,,,Китай,https://im.mashina.kg/tachka/images/c/e/f/cef4ccbcc97f67b6e365a5c856d3c482_640x480.jpg
https://mashina.kg/details/toyota-rav4-68e3266c4789e496018727,Toyota RAV4 V (XA50),34500,3017025,2019,93000,2.5 л.,вариатор,Бишкек,https://im.mashina.kg/tachka/images/c/8/2/c82fd3ab557ebf27ac1b9b2eff47effe_640x480.jpg
https://mashina.kg/details/qiyuan-a05-69a7d200d6aa7142119276,Qiyuan A05,10000,874500,2026,10,1.5 л.,вариатор,Китай,https://im.mashina.kg/tachka/images/3/7/7/377bc0c7086929cf55c72b3c0f42dc88_640x480.jpg
https://mashina.kg/details/honda-crv-69f6fbfc4d1ef286329003,Honda CR-V V,18000,1574100,2017,152000,1.5 л.,вариатор,Бишкек,https://im.mashina.kg/tachka/images/a/a/7/aa7662471ee3b9f883d0072ab792bfb7_640x480.jpg
https://mashina.kg/details/lexus-lx-6a0735696b6d382107c822c2,Продажа Lexus LX III Рестайлинг 2012,41700,3646665,2012,28300,5.7 л.,автомат,Кызыл-Кия,https://storage.mashina.kg/catalog/images/2026-05-15/10034198/d823500df42214504617b66b72198659_medium.webp
https://mashina.kg/details/toyota-land-cruiser-699ef3f802b7b962112127,Toyota Land Cruiser 200 Series,32000,2798400,2010,118000,4.7 л.,автомат,Бишкек,https://im.mashina.kg/tachka/images/9/c/2/9c2ca686cba070e307ecae5d4c1fd9df_640x480.jpg
https://mashina.kg/details/changan-uniz-69a002c9e3153635053628,Changan UNI-Z,14200,1241790,2026,10,1.5 л.,робот,Китай,https://im.mashina.kg/tachka/images/c/9/0/c902842db309b6e72b8e56bedb6445f9_640x480.jpg
https://mashina.kg/details/hyundai-custo-69a288ef73f81752150361,Hyundai Custo,33000,2885850,2024,20,1.5 л.,автомат,Китай,https://im.mashina.kg/tachka/images/2/d/f/2df4a7b9389343ab6fff40cf75963219_640x480.jpg
https://mashina.kg/details/bmw-5-serii-69f8a6d5c47e2263921559,BMW 5 серии VII (G30/G31),25500,2229975,2019,149000,2.0 л.,автомат,Бишкек,https://im.mashina.kg/tachka/images/1/6/7/167ba2535c7c229af12c0cbe4e22486a_640x480.jpg
https://mashina.kg/details/bmw-3-serii-69fd40f664100526691385,BMW 3 серии VII (G2x),38000,3323100,2020,78625,3.0 л.,автомат,Бишкек,https://im.mashina.kg/tachka/images/c/0/1/c010483271dd24804c9db40eec0c2276_640x480.jpg
https://mashina.kg/details/changan-cs55plus-699d5cc235e59433595745,Changan CS55PLUS I Рестайлинг,12500,1093125,2025,20,1.5 л.,робот,Китай,https://im.mashina.kg/tachka/images/7/3/6/736edd37aad470120bddeac278df7963_640x480.jpg
https://mashina.kg/details/geely-binyue-l-699bbce448d0a008258194,Geely Binyue L,11800,1031910,2025,10,1.5 л.,вариатор,Китай,https://im.mashina.kg/tachka/images/5/a/3/5a37b6d17901a4cddd95bfd0504ee0a2_640x480.jpg
https://mashina.kg/details/hyundai-grandeur-6a07f00b898efa986299e0d9,Продажа Hyundai Grandeur VI 2017,10700,935715,2017,228000,2.4 л.,автомат,Манас (Джалал-Абад),https://storage.mashina.kg/catalog/images/2026-05-16/10034516/abe0132940a667b33fdf39548b62e7a2_medium.webp
https://mashina.kg/details/jetour-x70-plus-69a2590511700617092270,Jetour X70 PLUS,11500,1005675,2026,20,1.5 л.,робот,Китай,https://im.mashina.kg/tachka/images/a/4/b/a4b3f6babc75165961c7a82a790cfc57_640x480.jpg
https://mashina.kg/details/changan-cs75plus-699ade6916d95300014284,Changan CS75 Plus IV,13500,1180575,2025,20,1.5 л.,автомат,Китай,https://im.mashina.kg/tachka/images/f/7/9/f798d9a2a036c5b09d385a7727498b4f_640x480.jpg
https://mashina.kg/details/jetour-x70-69a25431d0d7b771606104,Jetour X70,11000,961950,2025,20,1.5 л.,робот,Китай,https://im.mashina.kg/tachka/images/7/b/0/7b0efc67217759deee282f453044eea3_640x480.jpg
https://mashina.kg/details/geely-galaxy-m9-69a280c9697fa093013237,Geely Galaxy M9,33500,2929575,2026,20,1.5 л.,автомат,Китай,https://im.mashina.kg/tachka/images/9/0/d/90dc5a98182169ed2abe383e298f6026_640x480.jpg
https://mashina.kg/details/bmw-5-serii-69e50af70e220870393453,BMW 5 серии VII (G30/G31),26500,2317425,2019,94000,2.0 л.,автомат,Бишкек,https://im.mashina.kg/tachka/images/4/f/a/4fa093a3c196722125b0e15533f5ceba_640x480.jpg
https://mashina.kg/details/bmw-5-serii-69fca304a927d136296085,BMW 5 серии VII (G30/G31) Рестайлинг,33000,2885850,2021,124000,2.0 л.,автомат,Бишкек,https://im.mashina.kg/tachka/images/6/a/5/6a51b7a861c676642217fe7720d942a5_640x480.jpg
https://mashina.kg/details/geely-xingyue-l-69a4f5bac5038056694744,Geely Xingyue L I Рестайлинг,20600,1801470,2026,10,2.0 л.,автомат,Китай,https://im.mashina.kg/tachka/images/9/b/5/9b543daf829b29ffa284581e824695da_640x480.jpg
https://mashina.kg/details/byd-song-plus-69a4f98a3404e347090558,BYD Song Plus I Рестайлинг,14000,1224300,2026,10,1.5 л.,автомат,Китай,https://im.mashina.kg/tachka/images/2/4/a/24ac2b7cb80a7e2c64fc013ffdc1a5e0_640x480.jpg
https://mashina.kg/details/toyota-corolla-6a06c65a066e532e6fed3f19,"Продажа Toyota Corolla IX (E120, E130) 2003",5146,450000,2003,250000,1.6 л.,механика,Баткен,https://storage.mashina.kg/catalog/images/2026-05-15/10033595/8eeb38689d05c34aa2d0baf70df79df8_medium.webp
https://mashina.kg/details/hyundai-sonata-69a7fe31f2814443312566,Hyundai Sonata VIII (DN8) Рестайлинг,17500,1530375,2024,10,1.5 л.,автомат,Китай,https://im.mashina.kg/tachka/images/d/5/c/d5c9088f23f357b48826e7293f03cfff_640x480.jpg
https://mashina.kg/details/hyundai-lafesta-69a7fc3c26cb4952917283,Hyundai Lafesta I Рестайлинг,12000,1049400,2023,10,1.5 л.,робот,Китай,https://im.mashina.kg/tachka/images/4/f/2/4f2fc1d7302d6227bfe04ffbb70674c6_640x480.jpg
https://mashina.kg/details/byd-sea-lion-05-69c3b9c2cec51149902598,BYD Sea Lion 05 I Рестайлинг,15000,1311750,2026,10,1.5 л.,автомат,Китай,https://im.mashina.kg/tachka/images/f/7/d/f7d8d97a810b11405d5b392466c62346_640x480.jpg
https://mashina.kg/details/byd-han-l-69c3b06a466d0991261975,BYD Han L,28000,2448600,2026,10,1.5 л.,автомат,Китай,https://im.mashina.kg/tachka/images/c/8/c/c8c80a78fe768bbf7fc14225114337ff_640x480.jpg
https://mashina.kg/details/byd-sea-lion-06-69c3ab204d368104481657,BYD Sea Lion 06,18800,1644060,2026,10,,,Китай,https://im.mashina.kg/tachka/images/6/a/2/6a2474b7fae9c52f7dff6a4e31e48abc_640x480.jpg
https://mashina.kg/details/byd-sea-lion-07-69c3a674239c7484573928,BYD Sea Lion 07,21800,1906410,2026,10,,,Китай,https://im.mashina.kg/tachka/images/c/6/a/c6a4b3fb5320963109e706ea4fea3e52_640x480.jpg
https://mashina.kg/details/honda-accord-69a8fad76eff0181176046,Honda Accord XI,18000,1574100,2026,10,1.5 л.,вариатор,Китай,https://im.mashina.kg/tachka/images/e/4/4/e44f9e8f791f7b7015b30296676387ac_640x480.jpg
https://mashina.kg/details/mg-5-69abd21d36fa0880705104,MG 5 II,8000,699600,2026,5,1.5 л.,робот,Китай,https://im.mashina.kg/tachka/images/f/6/f/f6f9774810b699317e199aa3730b78b6_640x480.jpg
https://mashina.kg/details/voyah-dream-69b39b0065f9d217340451,Voyah Dream,51000,4459950,2025,20,,,Китай,https://im.mashina.kg/tachka/images/e/f/f/eff91f05235665e46b02f190e80ade4d_640x480.jpg
https://mashina.kg/details/dongfeng-e-008-69b3deb7c84f0399028412,Dongfeng eπ 008,19000,1661550,2025,20,,,Китай,https://im.mashina.kg/tachka/images/2/0/e/20e1f8ae6d95e3346fffc4864946b632_640x480.jpg
https://mashina.kg/details/honda-crv-691ef43423a9a257835778,Honda CR-V III,11435,1000000,2007,356321,2.0 л.,автомат,Манас (Джалал-Абад),https://im.mashina.kg/tachka/images/5/c/0/5c0fcbf4ce5bdb19bdb9c205e804a80f_640x480.jpg
https://mashina.kg/details/dongfeng-e-007-69b3e2a2884ca576029395,Dongfeng eπ 007,19000,1661550,2025,10,,,Китай,https://im.mashina.kg/tachka/images/1/e/4/1e4160e2045c8adf6bf58298e0252506_640x480.jpg
https://mashina.kg/details/voyah-free-69b393069e8ed015396277,Voyah Free I Рестайлинг,28000,2448600,2025,10,1.5 л.,автомат,Китай,https://im.mashina.kg/tachka/images/b/2/8/b28ca2b0c67265424aea7e490c3a9114_640x480.jpg
https://mashina.kg/details/roewe-i5-69abd02df2faa514146183,Roewe i5 I Рестайлинг,9000,787050,2026,5,1.5 л.,робот,Китай,https://im.mashina.kg/tachka/images/a/c/7/ac75b73047b4e7bdc97677d0059b674a_640x480.jpg
https://mashina.kg/details/daewoo-matiz-6a0729336d189157d514e7a6,Продажа Daewoo Matiz II Рестайлинг 2008,3602,315000,2008,195000,0.8 л.,механика,Манас (Джалал-Абад),https://storage.mashina.kg/catalog/images/2026-05-15/10034135/c4a597d262d48ea49697b5aa1a4a4011_medium.webp
https://mashina.kg/details/skoda-octavia-69aaa885e0308262659191,Skoda Octavia III (A7),15000,1311750,2025,5,1.6 л.,автомат,Китай,https://im.mashina.kg/tachka/images/2/b/5/2b5737ec641c9ddab4459c35542235f0_640x480.jpg
https://mashina.kg/details/skoda-karoq-69aaa62abeb22831022673,Skoda Karoq I Рестайлинг,26000,2273700,2025,5,1.5 л.,робот,Китай,https://im.mashina.kg/tachka/images/2/a/4/2a4855be4289b32f80a741fb16f25bd4_640x480.jpg
https://mashina.kg/details/zeekr-9x-6a0729ef17fe67232c9254de,Продажа Zeekr 9X 2025,108000,9444600,2025,20,2.0 л.,автомат,Бишкек,https://storage.mashina.kg/catalog/images/2026-05-15/10034136/ac82c6f551f510778c2fdbc4037398a0_medium.webp
https://mashina.kg/details/toyota-rav4-6a0714aa78cdb886e49a3a58,Продажа Toyota RAV4 V (XA50) 2025,33000,2885850,2025,20,2.5 л.,автомат,Бишкек,https://storage.mashina.kg/catalog/images/2026-05-15/10034051/f1b23bdfebdfa7b96b484fac9437bde0_medium.webp
https://mashina.kg/details/voyah-taishan-6a082ce147bff236e390da71,Продажа Voyah Taishan 2026,78500,6864825,2026,20,1.5 л.,автомат,Бишкек,https://storage.mashina.kg/catalog/images/2026-05-16/10034766/2f413260335ea2a9e6d220f86af2ac0b_medium.webp
https://mashina.kg/details/skoda-superb-69aaa42729c7b567161085,Skoda Superb III,19800,1731510,2025,5,1.4 л.,робот,Китай,https://im.mashina.kg/tachka/images/6/e/a/6eae89f7fd4baac08b01952ad4e06493_640x480.jpg
https://mashina.kg/details/changan-uni-z-6a06f36d8736da5a1f8a094a,Продажа Changan UNI-Z 2026,15300,1337985,2026,20,1.5 л.,робот,Бишкек,https://storage.mashina.kg/catalog/images/2026-05-15/10033896/bd23938f4e10388b13729ce7fa81ccd5_medium.webp
https://mashina.kg/details/gac-aion-s-plus-69aa84b15338f481853325,GAC Aion S Plus,12600,1101870,2026,5,,,Китай,https://im.mashina.kg/tachka/images/c/2/7/c27de3d0f4cc483659d6cee17a412c0a_640x480.jpg
https://mashina.kg/details/geely-galaxy-m9-6a06e68f3dbfd5c075886ef8,Продажа Geely Galaxy M9 2026,45000,3935250,2026,20,1.5 л.,автомат,Бишкек,https://storage.mashina.kg/catalog/images/2026-05-15/10033806/9c6f0010111106f356176a63cf34faa3_medium.webp
https://mashina.kg/details/lynk-co-900-6a06eea54f0a012b34a52177,Продажа Lynk & Co 900 2026,57500,5028375,2026,20,2.0 л.,автомат,Бишкек,https://storage.mashina.kg/catalog/images/2026-05-15/10033858/44a5e0be932cb5f51ab4e5ae68599cbb_medium.webp
https://mashina.kg/details/toyota-camry-6a07196cedd2bcecb5add5d0,Продажа Toyota Camry IX (XV80) China Market 2025,32000,2798400,2025,20,2.0 л.,вариатор,Бишкек,https://storage.mashina.kg/catalog/images/2026-05-15/10034074/08798866543daddbdeee2366b855e2c5_medium.webp
https://mashina.kg/details/lynk-co-900-6a0977143686674fb4bafdf7,Продажа Lynk & Co 900 2026,63500,5553075,2026,20,2.0 л.,автомат,Бишкек,https://storage.mashina.kg/catalog/images/2026-05-17/10035672/a2a3073342678166d19c021fbfb40252_medium.webp
https://mashina.kg/details/nissan-qashqai-69a92cd1a562d875976233,Nissan Qashqai II Рестайлинг 2,14600,1276770,2026,5,2.0 л.,вариатор,Китай,https://im.mashina.kg/tachka/images/9/4/e/94e06cfebcad794eabee7cd48a2646de_640x480.jpg
https://mashina.kg/details/kia-kx3-69a9121fb68a0303671265,Kia KX3,15000,1311750,2025,5,1.5 л.,механика,Китай,https://im.mashina.kg/tachka/images/7/0/b/70b5e22043da0fb6d7f8add97ec74a5e_640x480.jpg
https://mashina.kg/details/toyota-prius-69fb679b81f0b769323471,Toyota Prius IV (XW50),11500,1005675,2015,305775,1.8 л.,вариатор,Бишкек,https://im.mashina.kg/tachka/images/e/2/6/e268c0d5af163b5e107dff7eadeedc72_640x480.jpg
https://mashina.kg/details/bmw-5-serii-699c10fbe5149078548461,BMW 5 серии VI (F10/F11/F07) Рестайлинг,18000,1574100,2016,146000,2.0 л.,автомат,Бишкек,https://im.mashina.kg/tachka/images/6/a/f/6afa10461a71febd3e4c65bfa1a71a12_640x480.jpg
https://mashina.kg/details/bmw-x5-69df1f6d02d2d496141206,BMW X5 IV (G05/G18),44000,3847800,2019,167000,3.0 л.,автомат,Бишкек,https://im.mashina.kg/tachka/images/c/5/b/c5b4719c49412af18d1ff4db26ff469f_640x480.jpg
https://mashina.kg/details/hyundai-santa-fe-69f89556e638a025395302,Hyundai Santa Fe IV,21500,1880175,2018,96000,2.2 л.,автомат,Бишкек,https://im.mashina.kg/tachka/images/d/2/2/d2201cd2f9e3b95e9cf7111fd82ba7d4_640x480.jpg
https://mashina.kg/details/hyundai-avante-6a0566902bacbda3762aded3,Продажа Hyundai Avante VI Рестайлинг 2019,10800,944460,2019,167000,1.6 л.,автомат,Бишкек,https://storage.mashina.kg/catalog/images/2026-05-14/10032337/7e4d9b4e183ad820c74db8f05034578a_medium.webp
https://mashina.kg/details/changan-qiyuan-q05-69e75704a66ec217016696,Changan Qiyuan Q05 II,13600,1189320,2025,2,,,Бишкек,https://im.mashina.kg/tachka/images/1/b/4/1b46e2d5897c3ba24f806e0f34a88e11_640x480.jpg
https://mashina.kg/details/changan-qiyuan-q05-69fb08bc53a23113668280,Changan Qiyuan Q05 II,13600,1189320,2025,30,,,Бишкек,https://im.mashina.kg/tachka/images/3/1/a/31a332e5b4e4cac7f515f682a3e313a9_640x480.jpg
https://mashina.kg/details/kia-k7-69c22c69ca6ef898087323,Kia K7 YG (II) Рестайлинг,17800,1556610,2020,170000,2.4 л.,автомат,Бишкек,https://im.mashina.kg/tachka/images/d/6/d/d6d1e994027283631fa44fd7fcc4405f_640x480.jpg
https://mashina.kg/details/kia-k7-6a01c3573dd17958949101,Kia K7 YG (II) Рестайлинг,18300,1600335,2020,146000,2.5 л.,автомат,Бишкек,https://im.mashina.kg/tachka/images/4/3/3/4338bd6deeccd599baa837ed0ba6596e_640x480.jpg
https://mashina.kg/details/kia-sorento-64e1939b5f904421509554,Kia Sorento III Prime Рестайлинг,27500,2404875,2017,77500,2.2 л.,автомат,Кант,https://im.mashina.kg/tachka/images/c/b/4/cb4cac4e13b168572e95c55b60eeac82_640x480.jpg
https://mashina.kg/details/toyota-rav4-69689f1dabeb1295561193,Toyota RAV4 V (XA50),33900,2964555,2024,29000,2.5 л.,вариатор,Бишкек,https://im.mashina.kg/tachka/images/7/1/d/71d74eb34c503cfc68dc05d5fede33fb_640x480.jpg
https://mashina.kg/details/toyota-rav4-697df241a55b4232939692,Toyota RAV4 V (XA50),28000,2448600,2022,167000,2.5 л.,вариатор,Бишкек,https://im.mashina.kg/tachka/images/0/9/8/098e504f820fec3ff61bc7b7c1d09984_640x480.jpg
https://mashina.kg/details/lexus-gx-69b9377eca7c4631787898,Lexus GX II Рестайлинг 2,47000,4110150,2019,110000,4.6 л.,автомат,Бишкек,https://im.mashina.kg/tachka/images/d/8/f/d8fe2e1b3bdc6b9cbca59548aecfd4c6_640x480.jpg
https://mashina.kg/details/subaru-outback-699ec6866d068918537674,Subaru Outback VI,21500,1880175,2021,126916,2.5 л.,вариатор,Бишкек,https://im.mashina.kg/tachka/images/5/2/b/52b0dc445b92110c7af3fb6c44d6570b_640x480.jpg
https://mashina.kg/details/chevrolet-cruze-6a0468bd98cb329a9af9a7ba,Продажа Chevrolet Cruze II 2018,7500,655875,2018,276000,1.4 л.,автомат,Ош,https://storage.mashina.kg/catalog/images/2026-05-13/10031410/e66841bf3318c8574bed0fd25cbf5bb1_medium.webp
https://mashina.kg/details/bmw-5-serii-69a7109e660ee231431127,BMW 5 серии IV (E39) Рестайлинг,13000,1136850,2003,160000,2.5 л.,автомат,Бишкек,https://im.mashina.kg/tachka/images/6/7/b/67b16cb29e7cd41b67249e48a62ece47_640x480.jpg
https://mashina.kg/details/toyota-highlander-6980334d9f861908861842,Toyota Highlander IV (U70),32000,2798400,2020,130000,2.5 л.,автомат,Бишкек,https://im.mashina.kg/tachka/images/6/f/7/6f73ccf7168aefce5a4ffbe722977233_640x480.jpg
https://mashina.kg/details/toyota-avensis-69ad50030faab503534709,Toyota Avensis I Рестайлинг,5489,480000,2001,400000,2.0 л.,автомат,Бишкек,https://im.mashina.kg/tachka/images/2/a/9/2a95a940a74459359f2c11512ddb3d2b_640x480.jpg
https://mashina.kg/details/kia-k5-69fefdff8e9dd601782578,Kia K5 III,15500,1355475,2020,107000,2.0 л.,автомат,Бишкек,https://im.mashina.kg/tachka/images/2/8/6/286cd7523be093858896097e72a14875_640x480.jpg
https://mashina.kg/details/toyota-rav4-69fb28b2452f9094279064,Toyota RAV4 V (XA50),23500,2055075,2020,130000,2.5 л.,вариатор,Бишкек,https://im.mashina.kg/tachka/images/f/7/a/f7a0540cd0c7f3b2e073bbaf621cc3d6_640x480.jpg
https://mashina.kg/details/hyundai-tucson-69f633c59bbd9206653146,Hyundai Tucson IV,15900,1390455,2021,79000,1.6 л.,робот,Бишкек,https://im.mashina.kg/tachka/images/f/9/2/f92702425cb678617128d9f635bdf767_640x480.jpg
https://mashina.kg/details/bmw-5-serii-6a05b8d794cddff904f64633,Продажа BMW 5 серии VII (G30/G31) Рестайлинг 2021,35999,3148113,2021,44000,2.0 л.,автомат,Бишкек,https://storage.mashina.kg/catalog/images/2026-05-14/10032688/66c951c5f9b93189dd1ae17a0f4c799c_medium.webp
https://mashina.kg/details/hyundai-creta-69e849e0e0fce314297096,Hyundai Creta I,12500,1093125,2017,150000,2.0 л.,автомат,Бишкек,https://im.mashina.kg/tachka/images/0/7/8/0786da0b0ca4af208f75d1d6cfa7391e_640x480.jpg
https://mashina.kg/details/subaru-outback-6a08a76c1c0bcff3929d4fcb,Продажа Subaru Outback VI 2022,19300,1687785,2022,53000,2.5 л.,вариатор,Бишкек,https://storage.mashina.kg/catalog/images/2026-05-16/10035283/24d914e4a633e60b4a39acc7f0da3cb7_medium.webp
https://mashina.kg/details/toyota-highlander-6a001dfb9cce3266602333,Toyota Highlander IV (U70),35500,3104475,2021,73000,2.5 л.,автомат,Бишкек,https://im.mashina.kg/tachka/images/6/3/5/635e0faadba3d190516ddab1517a3547_640x480.jpg
https://mashina.kg/details/toyota-rav4-66a54df741a02478878998,Toyota RAV4 V (XA50),27500,2404875,2019,141000,2.5 л.,автомат,Бишкек,https://im.mashina.kg/tachka/images/9/f/5/9f51f7c2a794cac0b5228bb936b6636d_640x480.jpg
https://mashina.kg/details/toyota-highlander-6a074587f0c0966b81c5e515,Продажа Toyota Highlander III (U50) Рестайлинг 2019,24500,2142525,2019,98000,3.5 л.,автомат,Бишкек,https://storage.mashina.kg/catalog/images/2026-05-15/10034269/b816ea0f177de14c9492d7c8f4b90165_medium.webp
https://mashina.kg/details/bmw-x3-69eb13ee19860740859731,BMW X3 I (E83),10700,935715,2004,188000,3.0 л.,автомат,Бишкек,https://im.mashina.kg/tachka/images/c/9/9/c99a20c3ed65370451c4e35299f15398_640x480.jpg
https://mashina.kg/details/jeep-wrangler-69ecda6fc004d261844615,Jeep Wrangler IV (JL),36000,3148200,2021,50000,2.0 л.,автомат,Бишкек,https://im.mashina.kg/tachka/images/a/2/3/a23b7936aa89a6a32438b818b920709d_640x480.jpg
https://mashina.kg/details/subaru-outback-691c2fbd501cd577729893,Subaru Outback VI,20500,1792725,2019,53269,2.5 л.,вариатор,Бишкек,https://im.mashina.kg/tachka/images/d/4/0/d406ee17d3e4e97684b2f9cbc426dd57_640x480.jpg
https://mashina.kg/details/chevrolet-spark-6a093d1b7d1f07fd4185e1e0,Продажа Chevrolet Spark IV Рестайлинг 2019,7600,664620,2019,73000,1.0 л.,вариатор,Бишкек,https://storage.mashina.kg/catalog/images/2026-05-17/10035435/7aea51fa322382dd7a81ea7921c0cf26_medium.webp
https://mashina.kg/details/citroen-celysee-69dded0281611962374929,Citroen C-Elysee I Рестайлинг,4117,360000,2018,254000,1.6 л.,механика,Бишкек,https://im.mashina.kg/tachka/images/e/5/9/e59da4d8d3a30d97225c3f4020edebcd_640x480.jpg
https://mashina.kg/details/lexus-nx-6a0841aa324125f01dadfe1a,Продажа Lexus NX I Рестайлинг 2019,19500,1705275,2019,89000,2.0 л.,автомат,Бишкек,https://storage.mashina.kg/catalog/images/2026-05-16/10034849/fff1fa247c7298a2c3324daa7ce36d2b_medium.webp
https://mashina.kg/details/kia-carnival-69c63f6bc683b111513167,Kia Carnival IV,22500,1967625,2020,215000,2.2 л.,автомат,Бишкек,https://im.mashina.kg/tachka/images/5/3/4/5349115b74eeda3da6cd74ddd8d28d57_640x480.jpg
https://mashina.kg/details/kia-cerato-6a006ee9c80e2435632726,Kia Cerato II,6747,590000,2009,192000,1.6 л.,автомат,Бишкек,https://im.mashina.kg/tachka/images/8/e/d/8ed57611ec2e94a3a3dbd1c88c367416_640x480.jpg
https://mashina.kg/details/toyota-rav4-69ba5dc23bd92805352117,Toyota RAV4 V (XA50),34000,2973300,2025,10,2.5 л.,автомат,Китай,https://im.mashina.kg/tachka/images/4/7/6/47697c421471140114c544327579723c_640x480.jpg
https://mashina.kg/details/kia-k8-6a00a7c1b903f002514066,Kia K8,19750,1727138,2021,183000,1.6 л.,автомат,Бишкек,https://im.mashina.kg/tachka/images/5/4/c/54cc9185d67bf71f2601f9442c8ea7cb_640x480.jpg
https://mashina.kg/details/toyota-corolla-69ba62a2599e2618037184,Toyota Corolla XII (E210),15000,1311750,2026,10,1.6 л.,механика,Китай,https://im.mashina.kg/tachka/images/3/d/1/3d16742f0f99f11ec9c1f577d81c1de3_640x480.jpg
https://mashina.kg/details/zeekr-001-69ba0c35be34e439918946,Zeekr 001 I Рестайлинг,48000,4197600,2026,10,,,Китай,https://im.mashina.kg/tachka/images/6/a/e/6ae07939ffb53a7cc145b56c9a2afd18_640x480.jpg
https://mashina.kg/details/kia-k5-6a09c7fa0d5c8e1375019aef,Продажа Kia K5 III 2020,16500,1442925,2020,144000,2.0 л.,автомат,Ош,https://storage.mashina.kg/catalog/images/2026-05-17/10036101/566cbd4920de8339f165e02823bfee20_medium.webp
